{"cameraMode":{"drawMode":0,"name":"Shaded","section":"Shading Mode"},"sceneLighting":true,"audioPlay":false,"sceneViewState":{"showFog":false,"showMaterialUpdate":false,"showSkybox":false,"showFlares":false,"showImageEffects":false,"showParticleSystems":false},"in2DMode":false,"pivot":{"x":34.74981689453125,"y":139.158447265625,"z":-80.3214111328125},"rotation":{"x":0.12822160124778748,"y":-0.12402284145355225,"z":0.01616450399160385,"w":0.9838365316390991},"size":118.62197875976563,"orthographic":true}