{"cameraMode":{"drawMode":0,"name":"Shaded","section":"Shading Mode"},"sceneLighting":false,"audioPlay":false,"sceneViewState":{"showFog":false,"showMaterialUpdate":false,"showSkybox":false,"showFlares":false,"showImageEffects":false,"showParticleSystems":false},"in2DMode":false,"pivot":{"x":-0.00030724750831723213,"y":0.021255556493997575,"z":0.12358574569225311},"rotation":{"x":0.15950347483158112,"y":-0.5705503225326538,"z":0.11411098390817642,"w":0.7975046634674072},"size":0.05119536444544792,"orthographic":false}