{"cameraMode":{"drawMode":0,"name":"Shaded","section":"Shading Mode"},"sceneLighting":true,"audioPlay":false,"sceneViewState":{"showFog":false,"showMaterialUpdate":false,"showSkybox":false,"showFlares":false,"showImageEffects":false,"showParticleSystems":false},"in2DMode":false,"pivot":{"x":91.9064712524414,"y":134.73631286621095,"z":-62.06953430175781},"rotation":{"x":0.13490033149719239,"y":0.1589013636112213,"z":-0.02192201092839241,"w":0.977798342704773},"size":215.83473205566407,"orthographic":false}