{"cameraMode":{"drawMode":0,"name":"Shaded","section":"Shading Mode"},"sceneLighting":true,"audioPlay":false,"sceneViewState":{"showFog":false,"showMaterialUpdate":false,"showSkybox":false,"showFlares":false,"showImageEffects":false,"showParticleSystems":false},"in2DMode":false,"pivot":{"x":3.13871431350708,"y":-1.015120267868042,"z":-2.5539867877960207},"rotation":{"x":0.12005319446325302,"y":0.8441269993782044,"z":-0.21222464740276338,"w":0.4775046408176422},"size":10.808743476867676,"orthographic":false}