{"cameraMode":{"drawMode":0,"name":"Shaded","section":"Shading Mode"},"sceneLighting":true,"audioPlay":false,"sceneViewState":{"showFog":false,"showMaterialUpdate":false,"showSkybox":false,"showFlares":false,"showImageEffects":false,"showParticleSystems":false},"in2DMode":false,"pivot":{"x":-0.7217502593994141,"y":1.0331578254699708,"z":4.845361709594727},"rotation":{"x":0.12433003634214401,"y":-0.2371908277273178,"z":0.030622754245996476,"w":0.9629889726638794},"size":29.426584243774415,"orthographic":false}