{"cameraMode":{"drawMode":0,"name":"Shaded","section":"Shading Mode"},"sceneLighting":true,"audioPlay":false,"sceneViewState":{"showFog":false,"showMaterialUpdate":false,"showSkybox":false,"showFlares":false,"showImageEffects":false,"showParticleSystems":false},"in2DMode":false,"pivot":{"x":-2.6293041706085207,"y":1.7301400899887086,"z":4.005665302276611},"rotation":{"x":0.08506496995687485,"y":-0.4741167724132538,"z":0.04608507826924324,"w":0.8751310110092163},"size":6.893537521362305,"orthographic":false}