{"cameraMode":{"drawMode":0,"name":"Shaded","section":"Shading Mode"},"sceneLighting":true,"audioPlay":false,"sceneViewState":{"showFog":false,"showMaterialUpdate":false,"showSkybox":false,"showFlares":false,"showImageEffects":false,"showParticleSystems":false},"in2DMode":false,"pivot":{"x":0.29152774810791018,"y":-0.05901598930358887,"z":5.132359504699707},"rotation":{"x":0.10271548479795456,"y":-0.16777165234088899,"z":0.01757843606173992,"w":0.9803057909011841},"size":13.58291244506836,"orthographic":false}