{"cameraMode":{"drawMode":0,"name":"Shaded","section":"Shading Mode"},"sceneLighting":true,"audioPlay":false,"sceneViewState":{"showFog":false,"showMaterialUpdate":false,"showSkybox":false,"showFlares":false,"showImageEffects":false,"showParticleSystems":false},"in2DMode":false,"pivot":{"x":-6.241954326629639,"y":7.027207374572754,"z":0.8835321664810181},"rotation":{"x":0.13586914539337159,"y":-0.7327459454536438,"z":0.1534220278263092,"w":0.6489120125770569},"size":7.664451599121094,"orthographic":false}