{"cameraMode":{"drawMode":0,"name":"Shaded","section":"Shading Mode"},"sceneLighting":true,"audioPlay":false,"sceneViewState":{"showFog":false,"showMaterialUpdate":false,"showSkybox":false,"showFlares":false,"showImageEffects":false,"showParticleSystems":false},"in2DMode":false,"pivot":{"x":-2.232659339904785,"y":-12.790925979614258,"z":-2.8198776245117189},"rotation":{"x":0.3232176601886749,"y":-0.2593629062175751,"z":0.0925929844379425,"w":0.9053696393966675},"size":97.37660217285156,"orthographic":false}